num_node,node_min_capacity,node_max_capacity,capacity_skew,num_copy,strategy,bin_index,num_bin_node,bin_hit_count,bin_capacity,bin_used_capacity,bin_max_utilization
12000,1024,102400,1.1,3,Classified+TwoChoices,0,8936,3104720,10064470,3104720,0.8613402
12000,1024,102400,1.1,3,Classified+TwoChoices,1,851,1281281,2436313,1281185,1
12000,1024,102400,1.1,3,Classified+TwoChoices,2,627,2229202,3666818,2226822,1
12000,1024,102400,1.1,3,Classified+TwoChoices,3,488,4044580,5712960,4032382,1
12000,1024,102400,1.1,3,Classified+TwoChoices,4,436,7753758,10249666,7711061,1
12000,1024,102400,1.1,3,Classified+TwoChoices,5,413,15671913,19283348,15533211,1
12000,1024,102400,1.1,3,Classified+TwoChoices,6,249,15168990,20394820,15021711,1
12000,1024,102400,1.1,3,Classified+TwoChoices,0,8967,3095000,10116541,3095000,0.7985222
12000,1024,102400,1.1,3,Classified+TwoChoices,1,856,1291365,2443659,1291365,0.9649972
12000,1024,102400,1.1,3,Classified+TwoChoices,2,600,2142794,3510817,2141408,1
12000,1024,102400,1.1,3,Classified+TwoChoices,3,501,3927454,5800177,3916379,1
12000,1024,102400,1.1,3,Classified+TwoChoices,4,477,8610554,11287287,8562194,1
12000,1024,102400,1.1,3,Classified+TwoChoices,5,363,13821611,17140598,13745198,1
12000,1024,102400,1.1,3,Classified+TwoChoices,6,236,14614125,19363495,14518567,1
12000,1024,102400,1.1,3,Classified+TwoChoices,0,8986,2808157,10099068,2808157,0.7079602
12000,1024,102400,1.1,3,Classified+TwoChoices,1,860,1222733,2449333,1222733,0.91637367
12000,1024,102400,1.1,3,Classified+TwoChoices,2,606,2051098,3569044,2051098,0.9934842
12000,1024,102400,1.1,3,Classified+TwoChoices,3,465,3561645,5366124,3556691,1
12000,1024,102400,1.1,3,Classified+TwoChoices,4,426,7542499,9945834,7517455,1
12000,1024,102400,1.1,3,Classified+TwoChoices,5,410,15613929,19432779,15527823,1
12000,1024,102400,1.1,3,Classified+TwoChoices,6,247,14666461,20114193,14601994,1
12000,1024,102400,1.1,3,Classified+TwoChoices,0,8999,2708865,10136269,2708865,0.722807
12000,1024,102400,1.1,3,Classified+TwoChoices,1,850,1140828,2430409,1140828,0.92782193
12000,1024,102400,1.1,3,Classified+TwoChoices,2,632,2058236,3696734,2058174,1
12000,1024,102400,1.1,3,Classified+TwoChoices,3,456,3441976,5302252,3440047,1
12000,1024,102400,1.1,3,Classified+TwoChoices,4,429,7161545,10027668,7150909,1
12000,1024,102400,1.1,3,Classified+TwoChoices,5,392,14132673,18407393,14099982,1
12000,1024,102400,1.1,3,Classified+TwoChoices,6,242,15114211,20311248,15058817,1
12000,1024,102400,1.1,3,Classified+TwoChoices,0,8987,2869015,10131560,2869015,0.7597536
12000,1024,102400,1.1,3,Classified+TwoChoices,1,830,1177632,2363814,1177632,0.98428094
12000,1024,102400,1.1,3,Classified+TwoChoices,2,588,1966106,3393263,1965069,1
12000,1024,102400,1.1,3,Classified+TwoChoices,3,494,3925086,5796097,3918195,1
12000,1024,102400,1.1,3,Classified+TwoChoices,4,440,7684705,10234829,7659150,1
12000,1024,102400,1.1,3,Classified+TwoChoices,5,399,14904504,18741086,14813121,1
12000,1024,102400,1.1,3,Classified+TwoChoices,6,262,15962342,21473398,15834747,1
12000,1024,102400,1.1,3,Classified+TwoChoices,0,8925,2650029,10029806,2650029,0.7034596
12000,1024,102400,1.1,3,Classified+TwoChoices,1,899,1246968,2584891,1246968,0.9139548
12000,1024,102400,1.1,3,Classified+TwoChoices,2,593,1901338,3444013,1901168,1
12000,1024,102400,1.1,3,Classified+TwoChoices,3,497,3704856,5796115,3703490,1
12000,1024,102400,1.1,3,Classified+TwoChoices,4,423,7195774,9834419,7179818,1
12000,1024,102400,1.1,3,Classified+TwoChoices,5,406,14616777,19241612,14580627,1
12000,1024,102400,1.1,3,Classified+TwoChoices,6,257,15761890,21048837,15704602,1
12000,1024,102400,1.1,3,Classified+TwoChoices,0,8991,2715240,10108162,2715240,0.71695834
12000,1024,102400,1.1,3,Classified+TwoChoices,1,839,1159467,2420277,1159467,0.9171695
12000,1024,102400,1.1,3,Classified+TwoChoices,2,575,1874548,3357049,1874398,1
12000,1024,102400,1.1,3,Classified+TwoChoices,3,498,3710610,5775656,3708645,1
12000,1024,102400,1.1,3,Classified+TwoChoices,4,446,7388880,10314425,7375103,1
12000,1024,102400,1.1,3,Classified+TwoChoices,5,390,13746025,18024408,13690847,1
12000,1024,102400,1.1,3,Classified+TwoChoices,6,261,15698740,21506883,15623679,1
12000,1024,102400,1.1,3,Classified+TwoChoices,0,9025,3041353,10154596,3041353,0.78278
12000,1024,102400,1.1,3,Classified+TwoChoices,1,810,1190201,2331751,1190201,0.9560405
12000,1024,102400,1.1,3,Classified+TwoChoices,2,585,1998635,3384521,1997714,1
12000,1024,102400,1.1,3,Classified+TwoChoices,3,492,3978505,5868988,3969940,1
12000,1024,102400,1.1,3,Classified+TwoChoices,4,449,7770317,10471225,7738772,1
12000,1024,102400,1.1,3,Classified+TwoChoices,5,393,14560145,18585665,14486125,1
12000,1024,102400,1.1,3,Classified+TwoChoices,6,246,14721284,20106336,14645998,1
12000,1024,102400,1.1,3,Classified+TwoChoices,0,9002,2956783,10103179,2956783,0.76026696
12000,1024,102400,1.1,3,Classified+TwoChoices,1,865,1264990,2465960,1264990,0.9599004
12000,1024,102400,1.1,3,Classified+TwoChoices,2,605,2060407,3497517,2059977,1
12000,1024,102400,1.1,3,Classified+TwoChoices,3,442,3434080,5131035,3430629,1
12000,1024,102400,1.1,3,Classified+TwoChoices,4,458,8153764,10796448,8115414,1
12000,1024,102400,1.1,3,Classified+TwoChoices,5,401,14703170,18751632,14636908,1
12000,1024,102400,1.1,3,Classified+TwoChoices,6,227,13784645,18741619,13717121,1
12000,1024,102400,1.1,3,Classified+TwoChoices,0,8957,3010957,10111418,3010957,0.7768595
12000,1024,102400,1.1,3,Classified+TwoChoices,1,830,1229446,2396032,1229446,0.9601785
12000,1024,102400,1.1,3,Classified+TwoChoices,2,622,2154464,3633384,2153121,1
12000,1024,102400,1.1,3,Classified+TwoChoices,3,493,3976972,5796605,3970549,1
12000,1024,102400,1.1,3,Classified+TwoChoices,4,449,7991509,10566431,7960257,1
12000,1024,102400,1.1,3,Classified+TwoChoices,5,405,15043602,19061810,14967909,1
12000,1024,102400,1.1,3,Classified+TwoChoices,6,244,15208278,20327775,15156966,1
12000,1024,102400,1.1,3,Classified+TwoChoices,0,9040,2635403,10188324,2635403,0.6877451
12000,1024,102400,1.1,3,Classified+TwoChoices,1,824,1119884,2340999,1119884,0.88751376
12000,1024,102400,1.1,3,Classified+TwoChoices,2,568,1840970,3349947,1840970,0.9773206
12000,1024,102400,1.1,3,Classified+TwoChoices,3,462,3418080,5416597,3417730,1
12000,1024,102400,1.1,3,Classified+TwoChoices,4,464,7589960,10777599,7583120,1
12000,1024,102400,1.1,3,Classified+TwoChoices,5,399,14005922,18729620,13988546,1
12000,1024,102400,1.1,3,Classified+TwoChoices,6,243,13934987,19816020,13910081,1
12000,1024,102400,1.1,3,Classified+TwoChoices,0,8968,2807622,10093195,2807622,0.75973696
12000,1024,102400,1.1,3,Classified+TwoChoices,1,870,1178727,2459679,1178727,0.9640735
12000,1024,102400,1.1,3,Classified+TwoChoices,2,577,1929051,3397225,1928898,1
12000,1024,102400,1.1,3,Classified+TwoChoices,3,519,3994668,6097766,3992000,1
12000,1024,102400,1.1,3,Classified+TwoChoices,4,438,7746716,10379056,7728708,1
12000,1024,102400,1.1,3,Classified+TwoChoices,5,377,14258246,17888953,14201086,1
12000,1024,102400,1.1,3,Classified+TwoChoices,6,251,15662732,20726719,15598181,1
12000,1024,102400,1.1,3,Classified+TwoChoices,0,9054,3237430,10181373,3237430,0.8822526
12000,1024,102400,1.1,3,Classified+TwoChoices,1,815,1254661,2327120,1254408,1
12000,1024,102400,1.1,3,Classified+TwoChoices,2,632,2255092,3721595,2252685,1
12000,1024,102400,1.1,3,Classified+TwoChoices,3,488,4067027,5754564,4055499,1
12000,1024,102400,1.1,3,Classified+TwoChoices,4,426,7709701,10007600,7663652,1
12000,1024,102400,1.1,3,Classified+TwoChoices,5,369,13846784,17275158,13721660,1
12000,1024,102400,1.1,3,Classified+TwoChoices,6,216,13585798,17901927,13486654,1
12000,1024,102400,1.1,3,Classified+TwoChoices,0,9005,2772974,10143355,2772974,0.7552764
12000,1024,102400,1.1,3,Classified+TwoChoices,1,879,1238091,2540564,1238091,0.89793813
12000,1024,102400,1.1,3,Classified+TwoChoices,2,556,1841162,3223762,1841155,1
12000,1024,102400,1.1,3,Classified+TwoChoices,3,468,3628041,5410428,3624559,1
12000,1024,102400,1.1,3,Classified+TwoChoices,4,415,7052756,9761815,7040160,1
12000,1024,102400,1.1,3,Classified+TwoChoices,5,411,15043809,19377951,15002712,1
12000,1024,102400,1.1,3,Classified+TwoChoices,6,266,16091682,22066166,16034778,1
12000,1024,102400,1.1,3,Classified+TwoChoices,0,9007,2846358,10121442,2846358,0.7058233
12000,1024,102400,1.1,3,Classified+TwoChoices,1,887,1278195,2525894,1278195,0.9085213
12000,1024,102400,1.1,3,Classified+TwoChoices,2,600,2112226,3500970,2112226,0.9986251
12000,1024,102400,1.1,3,Classified+TwoChoices,3,490,3838069,5695898,3836460,1
12000,1024,102400,1.1,3,Classified+TwoChoices,4,417,6979922,9729608,6973218,1
12000,1024,102400,1.1,3,Classified+TwoChoices,5,366,13502422,17247264,13479248,1
12000,1024,102400,1.1,3,Classified+TwoChoices,6,233,13939384,19174465,13909810,1
12000,1024,102400,1.1,3,Classified+TwoChoices,0,9009,2873807,10087877,2873807,0.7072661
12000,1024,102400,1.1,3,Classified+TwoChoices,1,874,1249843,2492634,1249843,0.9035378
12000,1024,102400,1.1,3,Classified+TwoChoices,2,635,2142256,3670624,2142235,1
12000,1024,102400,1.1,3,Classified+TwoChoices,3,473,3747935,5548578,3744272,1
12000,1024,102400,1.1,3,Classified+TwoChoices,4,430,7525803,10091544,7499628,1
12000,1024,102400,1.1,3,Classified+TwoChoices,5,348,13168564,16425027,13113452,1
12000,1024,102400,1.1,3,Classified+TwoChoices,6,231,13824707,19160590,13761664,1
12000,1024,102400,1.1,3,Classified+TwoChoices,0,8935,2751420,10021820,2751420,0.7222772
12000,1024,102400,1.1,3,Classified+TwoChoices,1,873,1251109,2509130,1251109,0.9139249
12000,1024,102400,1.1,3,Classified+TwoChoices,2,610,2047282,3546585,2046115,1
12000,1024,102400,1.1,3,Classified+TwoChoices,3,498,3766117,5743004,3762290,1
12000,1024,102400,1.1,3,Classified+TwoChoices,4,430,7434344,10062311,7409323,1
12000,1024,102400,1.1,3,Classified+TwoChoices,5,395,14398588,18238107,14326919,1
12000,1024,102400,1.1,3,Classified+TwoChoices,6,259,16043895,21250000,15957220,1
12000,1024,102400,1.1,3,Classified+TwoChoices,0,8992,2707533,10071323,2707533,0.6818182
12000,1024,102400,1.1,3,Classified+TwoChoices,1,863,1209239,2485225,1209239,0.9078467
12000,1024,102400,1.1,3,Classified+TwoChoices,2,560,1850368,3277648,1850292,1
12000,1024,102400,1.1,3,Classified+TwoChoices,3,493,3587979,5632303,3586630,1
12000,1024,102400,1.1,3,Classified+TwoChoices,4,456,7779918,10698019,7767076,1
12000,1024,102400,1.1,3,Classified+TwoChoices,5,406,14985799,19185655,14942009,1
12000,1024,102400,1.1,3,Classified+TwoChoices,6,230,13966334,19125105,13912544,1
12000,1024,102400,1.1,3,Classified+TwoChoices,0,8966,2986608,10073699,2986608,0.7496318
12000,1024,102400,1.1,3,Classified+TwoChoices,1,863,1259811,2462919,1259811,0.9610871
12000,1024,102400,1.1,3,Classified+TwoChoices,2,599,2086558,3465261,2085127,1
12000,1024,102400,1.1,3,Classified+TwoChoices,3,503,4113092,5888557,4105224,1
12000,1024,102400,1.1,3,Classified+TwoChoices,4,434,7651920,10007559,7618114,1
12000,1024,102400,1.1,3,Classified+TwoChoices,5,388,15045915,18347505,14966960,1
12000,1024,102400,1.1,3,Classified+TwoChoices,6,247,14699496,20110085,14634509,1
12000,1024,102400,1.1,3,Classified+TwoChoices,0,8903,3092310,10033481,3092310,0.8379947
12000,1024,102400,1.1,3,Classified+TwoChoices,1,889,1327818,2541187,1327714,1
12000,1024,102400,1.1,3,Classified+TwoChoices,2,602,2185641,3508965,2183209,1
12000,1024,102400,1.1,3,Classified+TwoChoices,3,523,4164818,6103054,4153465,1
12000,1024,102400,1.1,3,Classified+TwoChoices,4,440,8012116,10371818,7965649,1
12000,1024,102400,1.1,3,Classified+TwoChoices,5,386,14570844,18244620,14460771,1
12000,1024,102400,1.1,3,Classified+TwoChoices,6,257,15940527,21305020,15830131,1
12000,1024,102400,1.1,3,Classified+TwoChoices,0,9055,3235505,10224492,3235505,0.83589464
12000,1024,102400,1.1,3,Classified+TwoChoices,1,843,1304643,2423754,1304643,0.9922312
12000,1024,102400,1.1,3,Classified+TwoChoices,2,585,2077714,3402012,2076464,1
12000,1024,102400,1.1,3,Classified+TwoChoices,3,465,3616391,5340445,3605841,1
12000,1024,102400,1.1,3,Classified+TwoChoices,4,449,8096623,10610476,8044127,1
12000,1024,102400,1.1,3,Classified+TwoChoices,5,376,14696661,18170326,14606799,1
12000,1024,102400,1.1,3,Classified+TwoChoices,6,227,14433822,18663315,14304645,1
12000,1024,102400,1.1,3,Classified+TwoChoices,0,9066,2947197,10193906,2947197,0.75353646
12000,1024,102400,1.1,3,Classified+TwoChoices,1,811,1183416,2332638,1183416,0.95408165
12000,1024,102400,1.1,3,Classified+TwoChoices,2,569,1917704,3301722,1917230,1
12000,1024,102400,1.1,3,Classified+TwoChoices,3,480,3768006,5641815,3761630,1
12000,1024,102400,1.1,3,Classified+TwoChoices,4,430,7830156,10236475,7795316,1
12000,1024,102400,1.1,3,Classified+TwoChoices,5,381,14797555,18279433,14697882,1
12000,1024,102400,1.1,3,Classified+TwoChoices,6,263,16752450,21838746,16628215,1
12000,1024,102400,1.1,3,Classified+TwoChoices,0,9043,2719727,10180444,2719726,0.70940685
12000,1024,102400,1.1,3,Classified+TwoChoices,1,822,1140644,2362344,1140644,0.90142274
12000,1024,102400,1.1,3,Classified+TwoChoices,2,567,1851764,3301153,1851764,0.98886263
12000,1024,102400,1.1,3,Classified+TwoChoices,3,472,3678738,5564339,3675360,1
12000,1024,102400,1.1,3,Classified+TwoChoices,4,447,7867176,10596820,7847492,1
12000,1024,102400,1.1,3,Classified+TwoChoices,5,414,15162921,19672861,15115823,1
12000,1024,102400,1.1,3,Classified+TwoChoices,6,235,14733738,19490378,14664295,1
12000,1024,102400,1.1,3,Classified+TwoChoices,0,9024,2942720,10140671,2942720,0.72076374
12000,1024,102400,1.1,3,Classified+TwoChoices,1,832,1223008,2391988,1223008,0.9924078
12000,1024,102400,1.1,3,Classified+TwoChoices,2,576,2014715,3374543,2014086,1
12000,1024,102400,1.1,3,Classified+TwoChoices,3,474,3727280,5511265,3719892,1
12000,1024,102400,1.1,3,Classified+TwoChoices,4,411,7160757,9531376,7133503,1
12000,1024,102400,1.1,3,Classified+TwoChoices,5,450,16685772,20973915,16603034,1
12000,1024,102400,1.1,3,Classified+TwoChoices,6,233,14095436,19106647,14024569,1
12000,1024,102400,1.1,3,Classified+TwoChoices,0,9055,2985670,10197116,2985669,0.7647059
12000,1024,102400,1.1,3,Classified+TwoChoices,1,848,1198876,2424965,1198876,0.964831
12000,1024,102400,1.1,3,Classified+TwoChoices,2,549,1810427,3165392,1809964,1
12000,1024,102400,1.1,3,Classified+TwoChoices,3,494,4006752,5846470,4001176,1
12000,1024,102400,1.1,3,Classified+TwoChoices,4,445,7819374,10566143,7796512,1
12000,1024,102400,1.1,3,Classified+TwoChoices,5,399,14845060,18924649,14772885,1
12000,1024,102400,1.1,3,Classified+TwoChoices,6,210,13717768,17636858,13632598,1
12000,1024,102400,1.1,3,Classified+TwoChoices,0,9071,2968810,10189123,2968810,0.7199747
12000,1024,102400,1.1,3,Classified+TwoChoices,1,839,1211354,2389065,1211354,0.957609
12000,1024,102400,1.1,3,Classified+TwoChoices,2,562,1919438,3276538,1919100,1
12000,1024,102400,1.1,3,Classified+TwoChoices,3,481,3746243,5543380,3742968,1
12000,1024,102400,1.1,3,Classified+TwoChoices,4,403,7339360,9569867,7307535,1
12000,1024,102400,1.1,3,Classified+TwoChoices,5,395,14552637,18687084,14490096,1
12000,1024,102400,1.1,3,Classified+TwoChoices,6,249,14671582,20468626,14607859,1
12000,1024,102400,1.1,3,Classified+TwoChoices,0,9076,3313061,10203398,3313061,0.80924237
12000,1024,102400,1.1,3,Classified+TwoChoices,1,854,1323501,2434230,1323501,0.9937182
12000,1024,102400,1.1,3,Classified+TwoChoices,2,574,2160671,3340602,2157710,1
12000,1024,102400,1.1,3,Classified+TwoChoices,3,465,3874811,5444050,3868539,1
12000,1024,102400,1.1,3,Classified+TwoChoices,4,420,7476333,9775766,7436895,1
12000,1024,102400,1.1,3,Classified+TwoChoices,5,393,14497953,18252941,14396803,1
12000,1024,102400,1.1,3,Classified+TwoChoices,6,218,13516899,17801235,13420039,1
12000,1024,102400,1.1,3,Classified+TwoChoices,0,8923,2675002,10017932,2675001,0.70271605
12000,1024,102400,1.1,3,Classified+TwoChoices,1,900,1219535,2538063,1219535,0.89496446
12000,1024,102400,1.1,3,Classified+TwoChoices,2,603,1977724,3530918,1977724,0.9859072
12000,1024,102400,1.1,3,Classified+TwoChoices,3,499,4022348,5968408,4020221,1
12000,1024,102400,1.1,3,Classified+TwoChoices,4,406,7048324,9572195,7033209,1
12000,1024,102400,1.1,3,Classified+TwoChoices,5,415,15420977,19697928,15353206,1
12000,1024,102400,1.1,3,Classified+TwoChoices,6,254,15190848,20538800,15133912,1
12000,1024,102400,1.1,3,Classified+TwoChoices,0,9040,2862196,10152560,2862195,0.7479036
12000,1024,102400,1.1,3,Classified+TwoChoices,1,818,1179356,2339446,1179356,0.91136503
12000,1024,102400,1.1,3,Classified+TwoChoices,2,611,2158801,3582425,2158420,1
12000,1024,102400,1.1,3,Classified+TwoChoices,3,469,3766143,5427696,3760691,1
12000,1024,102400,1.1,3,Classified+TwoChoices,4,428,7763329,10228588,7728268,1
12000,1024,102400,1.1,3,Classified+TwoChoices,5,383,14123372,18220594,14056842,1
12000,1024,102400,1.1,3,Classified+TwoChoices,6,251,14696342,20683225,14643765,1
12000,1024,102400,1.1,3,Classified+TwoChoices,0,9053,2903023,10163853,2903022,0.7447447
12000,1024,102400,1.1,3,Classified+TwoChoices,1,837,1198063,2393186,1198063,0.95911765
12000,1024,102400,1.1,3,Classified+TwoChoices,2,591,2018340,3464629,2018249,1
12000,1024,102400,1.1,3,Classified+TwoChoices,3,472,3586496,5525042,3583629,1
12000,1024,102400,1.1,3,Classified+TwoChoices,4,420,7195220,9869988,7179177,1
12000,1024,102400,1.1,3,Classified+TwoChoices,5,391,14518524,18281003,14457681,1
12000,1024,102400,1.1,3,Classified+TwoChoices,6,236,14242080,19616410,14184244,1
12000,1024,102400,1.1,3,Classified+TwoChoices,0,8920,2935886,10031411,2935886,0.7915292
12000,1024,102400,1.1,3,Classified+TwoChoices,1,862,1249141,2484766,1249141,0.9763407
12000,1024,102400,1.1,3,Classified+TwoChoices,2,598,2025497,3483182,2024666,1
12000,1024,102400,1.1,3,Classified+TwoChoices,3,515,3989915,6030148,3981359,1
12000,1024,102400,1.1,3,Classified+TwoChoices,4,483,8469149,11424517,8446840,1
12000,1024,102400,1.1,3,Classified+TwoChoices,5,383,14568857,18432388,14493581,1
12000,1024,102400,1.1,3,Classified+TwoChoices,6,239,14910637,19696003,14800886,1
12000,1024,102400,1.1,3,Classified+TwoChoices,0,9005,2892370,10133913,2892370,0.77468985
12000,1024,102400,1.1,3,Classified+TwoChoices,1,895,1293794,2571702,1293794,0.9617269
12000,1024,102400,1.1,3,Classified+TwoChoices,2,610,2087970,3552342,2087764,1
12000,1024,102400,1.1,3,Classified+TwoChoices,3,475,3713440,5572233,3707734,1
12000,1024,102400,1.1,3,Classified+TwoChoices,4,411,6948141,9495733,6928162,1
12000,1024,102400,1.1,3,Classified+TwoChoices,5,401,14859603,19003235,14800262,1
12000,1024,102400,1.1,3,Classified+TwoChoices,6,203,12785342,16831890,12687076,1
12000,1024,102400,1.1,3,Classified+TwoChoices,0,9072,2981899,10190199,2981899,0.7541646
12000,1024,102400,1.1,3,Classified+TwoChoices,1,796,1150878,2279249,1150878,0.9536203
12000,1024,102400,1.1,3,Classified+TwoChoices,2,604,2145528,3538174,2145249,1
12000,1024,102400,1.1,3,Classified+TwoChoices,3,463,3553438,5374198,3547712,1
12000,1024,102400,1.1,3,Classified+TwoChoices,4,443,7837785,10399780,7812088,1
12000,1024,102400,1.1,3,Classified+TwoChoices,5,383,13700762,17667969,13636329,1
12000,1024,102400,1.1,3,Classified+TwoChoices,6,239,14590778,19871120,14509231,1
12000,1024,102400,1.1,3,Classified+TwoChoices,0,8984,2640495,10094631,2640494,0.69758505
12000,1024,102400,1.1,3,Classified+TwoChoices,1,864,1204446,2483821,1204446,0.89410275
12000,1024,102400,1.1,3,Classified+TwoChoices,2,586,1917621,3413245,1917620,0.98802894
12000,1024,102400,1.1,3,Classified+TwoChoices,3,481,3697422,5635210,3696830,1
12000,1024,102400,1.1,3,Classified+TwoChoices,4,445,7636413,10517160,7625280,1
12000,1024,102400,1.1,3,Classified+TwoChoices,5,398,14699449,18925214,14668385,1
12000,1024,102400,1.1,3,Classified+TwoChoices,6,242,14717927,19992745,14678993,1
12000,1024,102400,1.1,3,Classified+TwoChoices,0,8995,2889113,10133446,2889113,0.7299452
12000,1024,102400,1.1,3,Classified+TwoChoices,1,839,1204390,2421511,1204390,0.96412313
12000,1024,102400,1.1,3,Classified+TwoChoices,2,584,1895213,3373715,1895213,0.99872446
12000,1024,102400,1.1,3,Classified+TwoChoices,3,478,3626283,5580194,3624368,1
12000,1024,102400,1.1,3,Classified+TwoChoices,4,458,8273382,10912456,8250919,1
12000,1024,102400,1.1,3,Classified+TwoChoices,5,392,14422802,18524919,14354457,1
12000,1024,102400,1.1,3,Classified+TwoChoices,6,254,15093482,20771578,15017008,1
12000,1024,102400,1.1,3,Classified+TwoChoices,0,8994,2970269,10127798,2970269,0.7527675
12000,1024,102400,1.1,3,Classified+TwoChoices,1,872,1277075,2498156,1277075,0.93326354
12000,1024,102400,1.1,3,Classified+TwoChoices,2,606,2120760,3497438,2120479,1
12000,1024,102400,1.1,3,Classified+TwoChoices,3,484,3867526,5737575,3864570,1
12000,1024,102400,1.1,3,Classified+TwoChoices,4,432,7555806,10229536,7536284,1
12000,1024,102400,1.1,3,Classified+TwoChoices,5,412,14938848,19388621,14892539,1
12000,1024,102400,1.1,3,Classified+TwoChoices,6,200,11715397,16106345,11671656,1
12000,1024,102400,1.1,3,Classified+TwoChoices,0,9083,3294540,10225057,3294540,0.8364905
12000,1024,102400,1.1,3,Classified+TwoChoices,1,837,1348668,2443978,1348668,0.9697479
12000,1024,102400,1.1,3,Classified+TwoChoices,2,602,2208017,3540449,2207336,1
12000,1024,102400,1.1,3,Classified+TwoChoices,3,488,4138054,5698360,4127546,1
12000,1024,102400,1.1,3,Classified+TwoChoices,4,415,7586389,9748220,7544876,1
12000,1024,102400,1.1,3,Classified+TwoChoices,5,362,14393612,17413904,14302371,1
12000,1024,102400,1.1,3,Classified+TwoChoices,6,213,13298046,17553509,13211319,1
12000,1024,102400,1.1,3,Classified+TwoChoices,0,9065,3289252,10196489,3289252,0.8283283
12000,1024,102400,1.1,3,Classified+TwoChoices,1,793,1195098,2255128,1194995,1
12000,1024,102400,1.1,3,Classified+TwoChoices,2,571,2115172,3331583,2112201,1
12000,1024,102400,1.1,3,Classified+TwoChoices,3,505,4066152,5823603,4051116,1
12000,1024,102400,1.1,3,Classified+TwoChoices,4,431,8047351,10261680,7984184,1
12000,1024,102400,1.1,3,Classified+TwoChoices,5,392,15081302,18348741,14930847,1
12000,1024,102400,1.1,3,Classified+TwoChoices,6,243,15561577,20176409,15416234,1
12000,1024,102400,1.1,3,Classified+TwoChoices,0,9039,2830008,10183335,2830008,0.7727945
12000,1024,102400,1.1,3,Classified+TwoChoices,1,810,1124549,2336458,1124549,0.9275325
12000,1024,102400,1.1,3,Classified+TwoChoices,2,576,1960048,3372295,1959950,1
12000,1024,102400,1.1,3,Classified+TwoChoices,3,467,3547085,5458110,3544240,1
12000,1024,102400,1.1,3,Classified+TwoChoices,4,441,7690464,10432120,7671031,1
12000,1024,102400,1.1,3,Classified+TwoChoices,5,419,15136307,19738563,15082916,1
12000,1024,102400,1.1,3,Classified+TwoChoices,6,248,15424676,20732326,15343362,1
12000,1024,102400,1.1,3,Classified+TwoChoices,0,8982,2849170,10066512,2849170,0.8048066
12000,1024,102400,1.1,3,Classified+TwoChoices,1,813,1166429,2362147,1166429,0.9629836
12000,1024,102400,1.1,3,Classified+TwoChoices,2,591,1964884,3448731,1964651,1
12000,1024,102400,1.1,3,Classified+TwoChoices,3,513,3912104,5995714,3904041,1
12000,1024,102400,1.1,3,Classified+TwoChoices,4,428,7175359,10050804,7148583,1
12000,1024,102400,1.1,3,Classified+TwoChoices,5,428,15694790,20132441,15616503,1
12000,1024,102400,1.1,3,Classified+TwoChoices,6,245,14831496,20321806,14746421,1
12000,1024,102400,1.1,3,Classified+TwoChoices,0,8966,3141439,10107498,3141439,0.80688876
12000,1024,102400,1.1,3,Classified+TwoChoices,1,839,1270434,2385137,1270434,0.9733636
12000,1024,102400,1.1,3,Classified+TwoChoices,2,604,2179517,3539687,2178154,1
12000,1024,102400,1.1,3,Classified+TwoChoices,3,506,4053403,5982210,4042064,1
12000,1024,102400,1.1,3,Classified+TwoChoices,4,435,7913920,10309587,7861770,1
12000,1024,102400,1.1,3,Classified+TwoChoices,5,401,14786953,18664160,14686253,1
12000,1024,102400,1.1,3,Classified+TwoChoices,6,249,15182481,20354650,15073335,1
12000,1024,102400,1.1,3,Classified+TwoChoices,0,9077,2933895,10237471,2933895,0.7871921
12000,1024,102400,1.1,3,Classified+TwoChoices,1,847,1218446,2446066,1218446,0.9539609
12000,1024,102400,1.1,3,Classified+TwoChoices,2,546,1857800,3183826,1857306,1
12000,1024,102400,1.1,3,Classified+TwoChoices,3,497,3955165,5861399,3950309,1
12000,1024,102400,1.1,3,Classified+TwoChoices,4,398,6926029,9261057,6905321,1
12000,1024,102400,1.1,3,Classified+TwoChoices,5,372,13709620,17551747,13659617,1
12000,1024,102400,1.1,3,Classified+TwoChoices,6,263,15864830,21511078,15810490,1
12000,1024,102400,1.1,3,Classified+TwoChoices,0,8998,2761943,10086594,2761943,0.74651974
12000,1024,102400,1.1,3,Classified+TwoChoices,1,850,1205828,2434992,1205828,0.944791
12000,1024,102400,1.1,3,Classified+TwoChoices,2,572,1858529,3295911,1858443,1
12000,1024,102400,1.1,3,Classified+TwoChoices,3,494,3837544,5789529,3831622,1
12000,1024,102400,1.1,3,Classified+TwoChoices,4,445,7909677,10447081,7885857,1
12000,1024,102400,1.1,3,Classified+TwoChoices,5,391,14939030,18655557,14867636,1
12000,1024,102400,1.1,3,Classified+TwoChoices,6,250,15332022,20480340,15244487,1
12000,1024,102400,1.1,3,Classified+TwoChoices,0,9025,2883819,10146515,2883819,0.7070254
12000,1024,102400,1.1,3,Classified+TwoChoices,1,865,1247083,2484981,1247083,0.92751765
12000,1024,102400,1.1,3,Classified+TwoChoices,2,625,2123059,3635450,2123058,0.9945029
12000,1024,102400,1.1,3,Classified+TwoChoices,3,496,3997818,5842443,3995860,1
12000,1024,102400,1.1,3,Classified+TwoChoices,4,378,6630089,8967766,6618210,1
12000,1024,102400,1.1,3,Classified+TwoChoices,5,380,14011687,17797850,13972039,1
12000,1024,102400,1.1,3,Classified+TwoChoices,6,231,14276938,19151934,14225219,1
12000,1024,102400,1.1,3,Classified+TwoChoices,0,9066,3021436,10159136,3021436,0.7578632
12000,1024,102400,1.1,3,Classified+TwoChoices,1,834,1225724,2403459,1225724,0.92477876
12000,1024,102400,1.1,3,Classified+TwoChoices,2,605,2066444,3523091,2066341,1
12000,1024,102400,1.1,3,Classified+TwoChoices,3,475,3686688,5538405,3682608,1
12000,1024,102400,1.1,3,Classified+TwoChoices,4,432,7756159,10259004,7734044,1
12000,1024,102400,1.1,3,Classified+TwoChoices,5,352,12866591,16472814,12812744,1
12000,1024,102400,1.1,3,Classified+TwoChoices,6,236,14072179,19478549,14020223,1
12000,1024,102400,1.1,3,Classified+TwoChoices,0,8998,2999727,10127316,2999727,0.7733062
12000,1024,102400,1.1,3,Classified+TwoChoices,1,864,1297349,2456785,1297349,0.93039244
12000,1024,102400,1.1,3,Classified+TwoChoices,2,566,1931633,3263459,1931357,1
12000,1024,102400,1.1,3,Classified+TwoChoices,3,487,3908268,5696202,3900495,1
12000,1024,102400,1.1,3,Classified+TwoChoices,4,463,8332005,11019953,8302841,1
12000,1024,102400,1.1,3,Classified+TwoChoices,5,398,14960430,18706427,14891480,1
12000,1024,102400,1.1,3,Classified+TwoChoices,6,224,14220011,18590237,14163901,1
12000,1024,102400,1.1,3,Classified+TwoChoices,0,9029,2832111,10142384,2832111,0.6859688
12000,1024,102400,1.1,3,Classified+TwoChoices,1,807,1140124,2302945,1140124,0.93406266
12000,1024,102400,1.1,3,Classified+TwoChoices,2,586,1929225,3415709,1929177,1
12000,1024,102400,1.1,3,Classified+TwoChoices,3,520,4050695,6133319,4048811,1
12000,1024,102400,1.1,3,Classified+TwoChoices,4,416,7248728,9811688,7238001,1
12000,1024,102400,1.1,3,Classified+TwoChoices,5,416,14962420,19482678,14925099,1
12000,1024,102400,1.1,3,Classified+TwoChoices,6,226,13534695,18608251,13495741,1
12000,1024,102400,1.1,3,Classified+TwoChoices,0,9043,3041375,10140966,3041375,0.7491479
12000,1024,102400,1.1,3,Classified+TwoChoices,1,846,1276708,2439896,1276708,0.99046993
12000,1024,102400,1.1,3,Classified+TwoChoices,2,607,2142802,3531877,2141594,1
12000,1024,102400,1.1,3,Classified+TwoChoices,3,455,3677111,5313801,3667979,1
12000,1024,102400,1.1,3,Classified+TwoChoices,4,419,7357651,9767876,7318418,1
12000,1024,102400,1.1,3,Classified+TwoChoices,5,401,15174147,18877846,15085686,1
12000,1024,102400,1.1,3,Classified+TwoChoices,6,229,14447936,18959941,14324931,1
12000,1024,102400,1.1,3,Classified+TwoChoices,0,8996,3080681,10130079,3080681,0.8072108
12000,1024,102400,1.1,3,Classified+TwoChoices,1,898,1374428,2604490,1374428,0.9558968
12000,1024,102400,1.1,3,Classified+TwoChoices,2,607,2115709,3497953,2115351,1
12000,1024,102400,1.1,3,Classified+TwoChoices,3,478,3728340,5532420,3723276,1
12000,1024,102400,1.1,3,Classified+TwoChoices,4,384,6727037,8895808,6701664,1
12000,1024,102400,1.1,3,Classified+TwoChoices,5,420,15799764,19964463,15713178,1
12000,1024,102400,1.1,3,Classified+TwoChoices,6,217,13324832,17855922,13235899,1
12000,1024,102400,1.1,3,Classified+TwoChoices,0,8976,2895113,10085861,2895113,0.743513
12000,1024,102400,1.1,3,Classified+TwoChoices,1,862,1239986,2484257,1239986,0.9535261
12000,1024,102400,1.1,3,Classified+TwoChoices,2,606,2124887,3540921,2124792,1
12000,1024,102400,1.1,3,Classified+TwoChoices,3,496,3813387,5720770,3811791,1
12000,1024,102400,1.1,3,Classified+TwoChoices,4,402,6832240,9366827,6819419,1
12000,1024,102400,1.1,3,Classified+TwoChoices,5,418,15610348,19681621,15547974,1
12000,1024,102400,1.1,3,Classified+TwoChoices,6,240,14465200,19658480,14421952,1
12000,1024,102400,1.1,3,Classified+TwoChoices,0,9017,2931112,10176528,2931112,0.74859077
12000,1024,102400,1.1,3,Classified+TwoChoices,1,897,1310265,2585130,1310265,0.96080565
12000,1024,102400,1.1,3,Classified+TwoChoices,2,549,1921399,3237168,1920651,1
12000,1024,102400,1.1,3,Classified+TwoChoices,3,474,3755923,5596668,3749859,1
12000,1024,102400,1.1,3,Classified+TwoChoices,4,442,7924846,10526477,7898016,1
12000,1024,102400,1.1,3,Classified+TwoChoices,5,381,14000103,17925204,13930404,1
12000,1024,102400,1.1,3,Classified+TwoChoices,6,240,14772020,19692703,14677831,1
12000,1024,102400,1.1,3,Classified+TwoChoices,0,9122,3269610,10231852,3269610,0.8127072
12000,1024,102400,1.1,3,Classified+TwoChoices,1,807,1260670,2320987,1260656,1
12000,1024,102400,1.1,3,Classified+TwoChoices,2,570,2112927,3328695,2111500,1
12000,1024,102400,1.1,3,Classified+TwoChoices,3,531,4383143,6279654,4373283,1
12000,1024,102400,1.1,3,Classified+TwoChoices,4,393,7038499,9261979,7006699,1
12000,1024,102400,1.1,3,Classified+TwoChoices,5,342,12843279,16007164,12746508,1
12000,1024,102400,1.1,3,Classified+TwoChoices,6,235,14711021,19423263,14575735,1
12000,1024,102400,1.1,3,Classified+TwoChoices,0,9067,2762341,10189789,2762341,0.7381309
12000,1024,102400,1.1,3,Classified+TwoChoices,1,867,1234505,2466860,1234505,0.9626515
12000,1024,102400,1.1,3,Classified+TwoChoices,2,548,1800680,3184021,1800680,0.9959058
12000,1024,102400,1.1,3,Classified+TwoChoices,3,475,3782212,5593298,3779996,1
12000,1024,102400,1.1,3,Classified+TwoChoices,4,421,7248699,9802244,7232533,1
12000,1024,102400,1.1,3,Classified+TwoChoices,5,394,14866292,18666713,14796875,1
12000,1024,102400,1.1,3,Classified+TwoChoices,6,228,13930441,18912264,13857338,1
12000,1024,102400,1.1,3,Classified+TwoChoices,0,8987,3175398,10136248,3175398,0.8266596
12000,1024,102400,1.1,3,Classified+TwoChoices,1,830,1264780,2379709,1264770,1
12000,1024,102400,1.1,3,Classified+TwoChoices,2,607,2270488,3570434,2266864,1
12000,1024,102400,1.1,3,Classified+TwoChoices,3,511,4138210,5972149,4123607,1
12000,1024,102400,1.1,3,Classified+TwoChoices,4,421,7590703,9899575,7531894,1
12000,1024,102400,1.1,3,Classified+TwoChoices,5,396,15147870,18629177,15022539,1
12000,1024,102400,1.1,3,Classified+TwoChoices,6,248,15152054,20310248,15029128,1
12000,1024,102400,1.1,3,Classified+TwoChoices,0,8990,2587265,10063201,2587265,0.6906318
12000,1024,102400,1.1,3,Classified+TwoChoices,1,827,1106406,2387229,1106406,0.9347015
12000,1024,102400,1.1,3,Classified+TwoChoices,2,596,1971573,3515959,1971573,0.9906736
12000,1024,102400,1.1,3,Classified+TwoChoices,3,488,3732175,5731935,3729956,1
12000,1024,102400,1.1,3,Classified+TwoChoices,4,424,7267633,9976905,7255734,1
12000,1024,102400,1.1,3,Classified+TwoChoices,5,418,15154828,19640681,15120478,1
12000,1024,102400,1.1,3,Classified+TwoChoices,6,257,15614284,21318173,15571760,1
12000,1024,102400,1.1,3,Classified+TwoChoices,0,9051,2829511,10189463,2829510,0.75512403
12000,1024,102400,1.1,3,Classified+TwoChoices,1,825,1178982,2378732,1178982,0.9142199
12000,1024,102400,1.1,3,Classified+TwoChoices,2,572,2018670,3412321,2018509,1
12000,1024,102400,1.1,3,Classified+TwoChoices,3,508,4074014,5986148,4068059,1
12000,1024,102400,1.1,3,Classified+TwoChoices,4,425,7301210,9846552,7281358,1
12000,1024,102400,1.1,3,Classified+TwoChoices,5,371,13194534,17253436,13139192,1
12000,1024,102400,1.1,3,Classified+TwoChoices,6,248,14683738,20177130,14610060,1
12000,1024,102400,1.1,3,Classified+TwoChoices,0,8982,2715565,10101143,2715565,0.7219335
12000,1024,102400,1.1,3,Classified+TwoChoices,1,846,1175544,2452048,1175544,0.923774
12000,1024,102400,1.1,3,Classified+TwoChoices,2,592,1938185,3416277,1938091,1
12000,1024,102400,1.1,3,Classified+TwoChoices,3,476,3694889,5585316,3690472,1
12000,1024,102400,1.1,3,Classified+TwoChoices,4,465,8064289,11075865,8047601,1
12000,1024,102400,1.1,3,Classified+TwoChoices,5,378,14181893,17935299,14112225,1
12000,1024,102400,1.1,3,Classified+TwoChoices,6,261,16055233,21341348,15986510,1
12000,1024,102400,1.1,3,Classified+TwoChoices,0,9090,3237423,10242654,3237422,0.78884256
12000,1024,102400,1.1,3,Classified+TwoChoices,1,823,1297250,2370107,1297250,0.9898234
12000,1024,102400,1.1,3,Classified+TwoChoices,2,617,2178638,3569147,2177015,1
12000,1024,102400,1.1,3,Classified+TwoChoices,3,496,3980982,5769431,3972674,1
12000,1024,102400,1.1,3,Classified+TwoChoices,4,389,6982426,9128246,6951373,1
12000,1024,102400,1.1,3,Classified+TwoChoices,5,377,13810561,17809683,13745895,1
12000,1024,102400,1.1,3,Classified+TwoChoices,6,208,12699768,17369249,12630302,1
12000,1024,102400,1.1,3,Classified+TwoChoices,0,9017,2790245,10099887,2790245,0.7342026
12000,1024,102400,1.1,3,Classified+TwoChoices,1,824,1182039,2388264,1182039,0.9395973
12000,1024,102400,1.1,3,Classified+TwoChoices,2,592,2004143,3481746,2004098,1
12000,1024,102400,1.1,3,Classified+TwoChoices,3,532,4164406,6285116,4162360,1
12000,1024,102400,1.1,3,Classified+TwoChoices,4,414,7258066,9770211,7242648,1
12000,1024,102400,1.1,3,Classified+TwoChoices,5,372,13831051,17450652,13772146,1
12000,1024,102400,1.1,3,Classified+TwoChoices,6,249,15149969,20445388,15081903,1
12000,1024,102400,1.1,3,Classified+TwoChoices,0,8970,2527364,10054412,2527363,0.6766432
12000,1024,102400,1.1,3,Classified+TwoChoices,1,855,1117580,2458807,1117580,0.8990683
12000,1024,102400,1.1,3,Classified+TwoChoices,2,608,1929447,3530374,1929399,1
12000,1024,102400,1.1,3,Classified+TwoChoices,3,494,3748125,5899867,3747006,1
12000,1024,102400,1.1,3,Classified+TwoChoices,4,445,7475140,10559678,7471140,1
12000,1024,102400,1.1,3,Classified+TwoChoices,5,383,14187994,18269782,14150164,1
12000,1024,102400,1.1,3,Classified+TwoChoices,6,245,14947092,20283245,14889506,1
12000,1024,102400,1.1,3,Classified+TwoChoices,0,9090,3118886,10218053,3118886,0.7460401
12000,1024,102400,1.1,3,Classified+TwoChoices,1,827,1235770,2370889,1235770,0.92591524
12000,1024,102400,1.1,3,Classified+TwoChoices,2,570,2002274,3320282,2001625,1
12000,1024,102400,1.1,3,Classified+TwoChoices,3,480,3869908,5666847,3863096,1
12000,1024,102400,1.1,3,Classified+TwoChoices,4,429,7463355,9999154,7427093,1
12000,1024,102400,1.1,3,Classified+TwoChoices,5,381,13959328,17831250,13868040,1
12000,1024,102400,1.1,3,Classified+TwoChoices,6,223,13731722,18499102,13613836,1
12000,1024,102400,1.1,3,Classified+TwoChoices,0,8973,2850713,10065901,2850713,0.7602933
12000,1024,102400,1.1,3,Classified+TwoChoices,1,860,1254322,2452254,1254322,0.9694002
12000,1024,102400,1.1,3,Classified+TwoChoices,2,588,1956823,3374025,1956312,1
12000,1024,102400,1.1,3,Classified+TwoChoices,3,504,3942496,5851013,3937311,1
12000,1024,102400,1.1,3,Classified+TwoChoices,4,431,7639313,10210412,7610636,1
12000,1024,102400,1.1,3,Classified+TwoChoices,5,389,14243011,18115971,14169848,1
12000,1024,102400,1.1,3,Classified+TwoChoices,6,255,15863002,20774377,15768798,1
12000,1024,102400,1.1,3,Classified+TwoChoices,0,9059,2894767,10159160,2894767,0.7797203
12000,1024,102400,1.1,3,Classified+TwoChoices,1,833,1190932,2374173,1190932,0.9322086
12000,1024,102400,1.1,3,Classified+TwoChoices,2,539,1835007,3131658,1834844,1
12000,1024,102400,1.1,3,Classified+TwoChoices,3,488,3881542,5767994,3876002,1
12000,1024,102400,1.1,3,Classified+TwoChoices,4,426,7424870,9960822,7404016,1
12000,1024,102400,1.1,3,Classified+TwoChoices,5,385,14668088,18087768,14590279,1
12000,1024,102400,1.1,3,Classified+TwoChoices,6,270,16285136,22221649,16210891,1
12000,1024,102400,1.1,3,Classified+TwoChoices,0,8981,2801060,10106561,2801060,0.7768465
12000,1024,102400,1.1,3,Classified+TwoChoices,1,873,1209896,2488044,1209896,0.9927452
12000,1024,102400,1.1,3,Classified+TwoChoices,2,586,1985293,3450914,1984904,1
12000,1024,102400,1.1,3,Classified+TwoChoices,3,472,3685158,5533905,3679710,1
12000,1024,102400,1.1,3,Classified+TwoChoices,4,433,7484898,10134138,7458668,1
12000,1024,102400,1.1,3,Classified+TwoChoices,5,392,14516070,18545466,14447331,1
12000,1024,102400,1.1,3,Classified+TwoChoices,6,263,16343473,22014176,16249253,1
12000,1024,102400,1.1,3,Classified+TwoChoices,0,8975,2696765,10135445,2696765,0.6862843
12000,1024,102400,1.1,3,Classified+TwoChoices,1,881,1214980,2503104,1214980,0.92420787
12000,1024,102400,1.1,3,Classified+TwoChoices,2,563,1835866,3280280,1835763,1
12000,1024,102400,1.1,3,Classified+TwoChoices,3,519,3879158,6036920,3876774,1
12000,1024,102400,1.1,3,Classified+TwoChoices,4,432,7270450,10097524,7258333,1
12000,1024,102400,1.1,3,Classified+TwoChoices,5,376,13320697,17638755,13291482,1
12000,1024,102400,1.1,3,Classified+TwoChoices,6,254,15484306,21210336,15435706,1
12000,1024,102400,1.1,3,Classified+TwoChoices,0,8990,2749785,10128678,2749785,0.73818374
12000,1024,102400,1.1,3,Classified+TwoChoices,1,834,1147162,2389867,1147162,0.9325199
12000,1024,102400,1.1,3,Classified+TwoChoices,2,603,1989955,3486223,1989925,1
12000,1024,102400,1.1,3,Classified+TwoChoices,3,484,3738831,5706402,3735387,1
12000,1024,102400,1.1,3,Classified+TwoChoices,4,430,7341661,10220081,7327387,1
12000,1024,102400,1.1,3,Classified+TwoChoices,5,389,14460875,18496887,14411867,1
12000,1024,102400,1.1,3,Classified+TwoChoices,6,270,16035061,22100866,15987426,1
12000,1024,102400,1.1,3,Classified+TwoChoices,0,8997,2762578,10113940,2762578,0.74896264
12000,1024,102400,1.1,3,Classified+TwoChoices,1,824,1147318,2374827,1147318,0.91838896
12000,1024,102400,1.1,3,Classified+TwoChoices,2,613,2026025,3562017,2025877,1
12000,1024,102400,1.1,3,Classified+TwoChoices,3,480,3695138,5574573,3691477,1
12000,1024,102400,1.1,3,Classified+TwoChoices,4,434,7621035,10185895,7595506,1
12000,1024,102400,1.1,3,Classified+TwoChoices,5,407,15255873,19150890,15186995,1
12000,1024,102400,1.1,3,Classified+TwoChoices,6,245,14992158,20263372,14918434,1
12000,1024,102400,1.1,3,Classified+TwoChoices,0,9078,2809096,10216636,2809096,0.69980377
12000,1024,102400,1.1,3,Classified+TwoChoices,1,860,1202782,2475148,1202721,1
12000,1024,102400,1.1,3,Classified+TwoChoices,2,577,1938675,3354775,1938675,0.9875358
12000,1024,102400,1.1,3,Classified+TwoChoices,3,490,3769801,5735931,3768333,1
12000,1024,102400,1.1,3,Classified+TwoChoices,4,400,6928322,9537028,6914828,1
12000,1024,102400,1.1,3,Classified+TwoChoices,5,379,13546544,17804119,13504879,1
12000,1024,102400,1.1,3,Classified+TwoChoices,6,216,13166711,17958414,13107200,1
12000,1024,102400,1.1,3,Classified+TwoChoices,0,8992,2640044,10082695,2640044,0.6779747
12000,1024,102400,1.1,3,Classified+TwoChoices,1,852,1176821,2439093,1176821,0.9126859
12000,1024,102400,1.1,3,Classified+TwoChoices,2,614,1982768,3511048,1982752,1
12000,1024,102400,1.1,3,Classified+TwoChoices,3,483,3640507,5620425,3640281,1
12000,1024,102400,1.1,3,Classified+TwoChoices,4,428,7224314,10012741,7218237,1
12000,1024,102400,1.1,3,Classified+TwoChoices,5,391,13870255,18230122,13852025,1
12000,1024,102400,1.1,3,Classified+TwoChoices,6,240,14110685,19530251,14078496,1
12000,1024,102400,1.1,3,Classified+TwoChoices,0,9081,3107364,10169018,3107364,0.774244
12000,1024,102400,1.1,3,Classified+TwoChoices,1,829,1236290,2357894,1236290,0.97823054
12000,1024,102400,1.1,3,Classified+TwoChoices,2,576,2036146,3339649,2035347,1
12000,1024,102400,1.1,3,Classified+TwoChoices,3,490,3988938,5774052,3983045,1
12000,1024,102400,1.1,3,Classified+TwoChoices,4,425,7369474,9901933,7345299,1
12000,1024,102400,1.1,3,Classified+TwoChoices,5,380,13952177,17801850,13901186,1
12000,1024,102400,1.1,3,Classified+TwoChoices,6,219,13598826,18177930,13527787,1
12000,1024,102400,1.1,3,Classified+TwoChoices,0,9002,2978587,10100700,2978587,0.7920904
12000,1024,102400,1.1,3,Classified+TwoChoices,1,862,1252296,2446879,1252296,0.98651505
12000,1024,102400,1.1,3,Classified+TwoChoices,2,568,1960593,3331862,1959926,1
12000,1024,102400,1.1,3,Classified+TwoChoices,3,472,3819412,5573957,3812324,1
12000,1024,102400,1.1,3,Classified+TwoChoices,4,437,7739483,10177215,7697079,1
12000,1024,102400,1.1,3,Classified+TwoChoices,5,416,15397771,19285317,15305971,1
12000,1024,102400,1.1,3,Classified+TwoChoices,6,243,15397660,20242422,15294785,1
12000,1024,102400,1.1,3,Classified+TwoChoices,0,8979,2841301,10094228,2841301,0.7092668
12000,1024,102400,1.1,3,Classified+TwoChoices,1,834,1205591,2421170,1205591,0.9354926
12000,1024,102400,1.1,3,Classified+TwoChoices,2,592,2037946,3480750,2037776,1
12000,1024,102400,1.1,3,Classified+TwoChoices,3,474,3871689,5649845,3868931,1
12000,1024,102400,1.1,3,Classified+TwoChoices,4,454,7983707,10599268,7955859,1
12000,1024,102400,1.1,3,Classified+TwoChoices,5,416,15206187,19275266,15128600,1
12000,1024,102400,1.1,3,Classified+TwoChoices,6,251,15063606,20487815,14979442,1
12000,1024,102400,1.1,3,Classified+TwoChoices,0,9042,2961628,10144322,2961628,0.7604582
12000,1024,102400,1.1,3,Classified+TwoChoices,1,845,1255476,2456940,1255476,0.965798
12000,1024,102400,1.1,3,Classified+TwoChoices,2,589,2164242,3471075,2163444,1
12000,1024,102400,1.1,3,Classified+TwoChoices,3,459,3683185,5467317,3678458,1
12000,1024,102400,1.1,3,Classified+TwoChoices,4,432,7370297,10049064,7347694,1
12000,1024,102400,1.1,3,Classified+TwoChoices,5,426,15743129,19947975,15673562,1
12000,1024,102400,1.1,3,Classified+TwoChoices,6,207,12433677,16994960,12370342,1
12000,1024,102400,1.1,3,Classified+TwoChoices,0,9018,2945122,10109925,2945121,0.7680131
12000,1024,102400,1.1,3,Classified+TwoChoices,1,823,1182298,2361023,1182298,0.9619303
12000,1024,102400,1.1,3,Classified+TwoChoices,2,590,1996623,3435920,1996320,1
12000,1024,102400,1.1,3,Classified+TwoChoices,3,508,3951968,5927011,3943857,1
12000,1024,102400,1.1,3,Classified+TwoChoices,4,449,8052617,10677836,8019048,1
12000,1024,102400,1.1,3,Classified+TwoChoices,5,395,14939909,18726526,14860501,1
12000,1024,102400,1.1,3,Classified+TwoChoices,6,217,13729927,17933069,13650049,1
12000,1024,102400,1.1,3,Classified+TwoChoices,0,8988,2854331,10098646,2854331,0.70514226
12000,1024,102400,1.1,3,Classified+TwoChoices,1,865,1233443,2449458,1233443,0.9082848
12000,1024,102400,1.1,3,Classified+TwoChoices,2,603,2094889,3540728,2094816,1
12000,1024,102400,1.1,3,Classified+TwoChoices,3,512,4100542,5979822,4096353,1
12000,1024,102400,1.1,3,Classified+TwoChoices,4,448,7868527,10489080,7850579,1
12000,1024,102400,1.1,3,Classified+TwoChoices,5,391,14185319,18264302,14145504,1
12000,1024,102400,1.1,3,Classified+TwoChoices,6,193,11452386,15926447,11408164,1
12000,1024,102400,1.1,3,Classified+TwoChoices,0,8995,2671472,10095887,2671472,0.67335093
12000,1024,102400,1.1,3,Classified+TwoChoices,1,892,1264563,2571826,1264563,0.92258245
12000,1024,102400,1.1,3,Classified+TwoChoices,2,581,1916436,3385573,1916396,1
12000,1024,102400,1.1,3,Classified+TwoChoices,3,462,3572466,5431523,3570681,1
12000,1024,102400,1.1,3,Classified+TwoChoices,4,450,7651812,10637304,7639967,1
12000,1024,102400,1.1,3,Classified+TwoChoices,5,369,13310200,17284761,13270860,1
12000,1024,102400,1.1,3,Classified+TwoChoices,6,251,15364149,20779929,15306087,1
12000,1024,102400,1.1,3,Classified+TwoChoices,0,9017,2858009,10122178,2858009,0.7372612
12000,1024,102400,1.1,3,Classified+TwoChoices,1,888,1262325,2514176,1262325,0.962022
12000,1024,102400,1.1,3,Classified+TwoChoices,2,566,1913406,3306118,1913367,1
12000,1024,102400,1.1,3,Classified+TwoChoices,3,466,3630024,5493249,3626685,1
12000,1024,102400,1.1,3,Classified+TwoChoices,4,452,7944255,10751119,7925616,1
12000,1024,102400,1.1,3,Classified+TwoChoices,5,402,14821320,19122393,14759962,1
12000,1024,102400,1.1,3,Classified+TwoChoices,6,209,12502783,17311903,12451150,1
12000,1024,102400,1.1,3,Classified+TwoChoices,0,9130,3070088,10262315,3070088,0.8429164
12000,1024,102400,1.1,3,Classified+TwoChoices,1,799,1196514,2279077,1196514,0.99062407
12000,1024,102400,1.1,3,Classified+TwoChoices,2,574,1929398,3337896,1929131,1
12000,1024,102400,1.1,3,Classified+TwoChoices,3,513,4121043,6046808,4115809,1
12000,1024,102400,1.1,3,Classified+TwoChoices,4,405,7202263,9537126,7184361,1
12000,1024,102400,1.1,3,Classified+TwoChoices,5,347,12898855,16641372,12840519,1
12000,1024,102400,1.1,3,Classified+TwoChoices,6,232,14037312,19043849,13972541,1
12000,1024,102400,1.1,3,Classified+TwoChoices,0,9027,2634958,10133157,2634958,0.68039703
12000,1024,102400,1.1,3,Classified+TwoChoices,1,835,1164102,2409225,1164102,0.87766117
12000,1024,102400,1.1,3,Classified+TwoChoices,2,600,1909427,3457560,1909427,0.9924214
12000,1024,102400,1.1,3,Classified+TwoChoices,3,516,3827316,6020830,3827048,1
12000,1024,102400,1.1,3,Classified+TwoChoices,4,424,7241456,9947993,7235376,1
12000,1024,102400,1.1,3,Classified+TwoChoices,5,353,12643598,16535120,12614077,1
12000,1024,102400,1.1,3,Classified+TwoChoices,6,245,14874833,20443073,14833170,1
12000,1024,102400,1.1,3,Classified+TwoChoices,0,9054,2991614,10185764,2991614,0.7675112
12000,1024,102400,1.1,3,Classified+TwoChoices,1,858,1295110,2487409,1295110,0.9779458
12000,1024,102400,1.1,3,Classified+TwoChoices,2,559,1927725,3279306,1927222,1
12000,1024,102400,1.1,3,Classified+TwoChoices,3,472,3758237,5556622,3752781,1
12000,1024,102400,1.1,3,Classified+TwoChoices,4,446,7773692,10508317,7745717,1
12000,1024,102400,1.1,3,Classified+TwoChoices,5,388,14458245,18306238,14381557,1
12000,1024,102400,1.1,3,Classified+TwoChoices,6,223,13598702,18234997,13530272,1
12000,1024,102400,1.1,3,Classified+TwoChoices,0,9065,2745381,10183200,2745381,0.68718207
12000,1024,102400,1.1,3,Classified+TwoChoices,1,837,1180611,2423097,1180611,0.88335663
12000,1024,102400,1.1,3,Classified+TwoChoices,2,591,2005629,3508517,2005629,0.98691565
12000,1024,102400,1.1,3,Classified+TwoChoices,3,510,3898651,6030165,3897976,1
12000,1024,102400,1.1,3,Classified+TwoChoices,4,393,6648207,9207693,6641373,1
12000,1024,102400,1.1,3,Classified+TwoChoices,5,373,13003808,17344762,12984872,1
12000,1024,102400,1.1,3,Classified+TwoChoices,6,231,14004621,18976101,13977073,1
12000,1024,102400,1.1,3,Classified+TwoChoices,0,8977,2725457,10104392,2725456,0.691133
12000,1024,102400,1.1,3,Classified+TwoChoices,1,811,1177410,2341098,1177410,0.9108198
12000,1024,102400,1.1,3,Classified+TwoChoices,2,653,2219893,3833944,2219778,1
12000,1024,102400,1.1,3,Classified+TwoChoices,3,499,3891622,5820635,3889494,1
12000,1024,102400,1.1,3,Classified+TwoChoices,4,448,7652790,10463777,7637079,1
12000,1024,102400,1.1,3,Classified+TwoChoices,5,377,13659953,17765260,13623618,1
12000,1024,102400,1.1,3,Classified+TwoChoices,6,235,14070105,19262666,14018651,1
12000,1024,102400,1.1,3,Classified+TwoChoices,0,9066,2721709,10196063,2721709,0.7122479
12000,1024,102400,1.1,3,Classified+TwoChoices,1,816,1124811,2347189,1124811,0.9323684
12000,1024,102400,1.1,3,Classified+TwoChoices,2,575,1963604,3384812,1963532,1
12000,1024,102400,1.1,3,Classified+TwoChoices,3,438,3407359,5143678,3402537,1
12000,1024,102400,1.1,3,Classified+TwoChoices,4,432,7545139,10253181,7532199,1
12000,1024,102400,1.1,3,Classified+TwoChoices,5,408,14665946,19034548,14625281,1
12000,1024,102400,1.1,3,Classified+TwoChoices,6,265,15779120,21970117,15726618,1
12000,1024,102400,1.1,3,Classified+TwoChoices,0,9040,2900768,10159675,2900768,0.78687716
12000,1024,102400,1.1,3,Classified+TwoChoices,1,788,1118721,2257525,1118721,0.9411446
12000,1024,102400,1.1,3,Classified+TwoChoices,2,605,2004535,3514251,2004182,1
12000,1024,102400,1.1,3,Classified+TwoChoices,3,491,3869228,5777934,3863574,1
12000,1024,102400,1.1,3,Classified+TwoChoices,4,438,7663286,10347485,7639545,1
12000,1024,102400,1.1,3,Classified+TwoChoices,5,397,14729733,18712395,14660779,1
12000,1024,102400,1.1,3,Classified+TwoChoices,6,241,15147977,20108194,15031611,1
12000,1024,102400,1.1,3,Classified+TwoChoices,0,9020,2999815,10120321,2999815,0.7935752
12000,1024,102400,1.1,3,Classified+TwoChoices,1,854,1233835,2435493,1233835,0.93665725
12000,1024,102400,1.1,3,Classified+TwoChoices,2,581,2029926,3380281,2029472,1
12000,1024,102400,1.1,3,Classified+TwoChoices,3,518,4182817,6091518,4176773,1
12000,1024,102400,1.1,3,Classified+TwoChoices,4,417,7490443,9863656,7460909,1
12000,1024,102400,1.1,3,Classified+TwoChoices,5,392,14961138,18461835,14884871,1
12000,1024,102400,1.1,3,Classified+TwoChoices,6,218,14203406,18126881,14092420,1
12000,1024,102400,1.1,3,Classified+TwoChoices,0,9011,3070138,10140337,3070137,0.79384613
12000,1024,102400,1.1,3,Classified+TwoChoices,1,820,1254497,2363084,1254497,0.96866006
12000,1024,102400,1.1,3,Classified+TwoChoices,2,648,2295037,3779954,2294464,1
12000,1024,102400,1.1,3,Classified+TwoChoices,3,467,3758331,5422236,3751214,1
12000,1024,102400,1.1,3,Classified+TwoChoices,4,468,8274277,10922203,8239791,1
12000,1024,102400,1.1,3,Classified+TwoChoices,5,355,13099655,16765947,13040617,1
12000,1024,102400,1.1,3,Classified+TwoChoices,6,231,14350547,18977741,14282863,1
12000,1024,102400,1.1,3,Classified+TwoChoices,0,9073,3040617,10191967,3040617,0.7834625
12000,1024,102400,1.1,3,Classified+TwoChoices,1,813,1201678,2345786,1201678,0.9744273
12000,1024,102400,1.1,3,Classified+TwoChoices,2,604,2143596,3560948,2143306,1
12000,1024,102400,1.1,3,Classified+TwoChoices,3,472,3719036,5452726,3716564,1
12000,1024,102400,1.1,3,Classified+TwoChoices,4,437,7814593,10369496,7784709,1
12000,1024,102400,1.1,3,Classified+TwoChoices,5,367,13963439,17505556,13899353,1
12000,1024,102400,1.1,3,Classified+TwoChoices,6,234,14552772,19405628,14459868,1
12000,1024,102400,1.1,3,Classified+TwoChoices,0,9034,2946773,10169218,2946773,0.72215027
12000,1024,102400,1.1,3,Classified+TwoChoices,1,837,1230449,2388802,1230449,0.95844364
12000,1024,102400,1.1,3,Classified+TwoChoices,2,602,2124077,3553063,2123367,1
12000,1024,102400,1.1,3,Classified+TwoChoices,3,480,3683195,5518003,3678188,1
12000,1024,102400,1.1,3,Classified+TwoChoices,4,446,7809144,10665511,7784379,1
12000,1024,102400,1.1,3,Classified+TwoChoices,5,375,13973890,17710940,13912835,1
12000,1024,102400,1.1,3,Classified+TwoChoices,6,226,14132682,18504944,14060977,1
12000,1024,102400,1.1,3,Classified+TwoChoices,0,9000,2883869,10117839,2883869,0.7245132
12000,1024,102400,1.1,3,Classified+TwoChoices,1,821,1156581,2339838,1156581,0.9858562
12000,1024,102400,1.1,3,Classified+TwoChoices,2,578,1965116,3347437,1964881,1
12000,1024,102400,1.1,3,Classified+TwoChoices,3,530,4137717,6229191,4135665,1
12000,1024,102400,1.1,3,Classified+TwoChoices,4,437,7361266,10067935,7340977,1
12000,1024,102400,1.1,3,Classified+TwoChoices,5,411,15171159,19386789,15112062,1
12000,1024,102400,1.1,3,Classified+TwoChoices,6,223,13590532,18288820,13498905,1
12000,1024,102400,1.1,3,Classified+TwoChoices,0,9046,2841522,10153039,2841522,0.7928108
12000,1024,102400,1.1,3,Classified+TwoChoices,1,774,1086789,2212112,1086789,0.97959185
12000,1024,102400,1.1,3,Classified+TwoChoices,2,617,2029871,3553057,2028743,1
12000,1024,102400,1.1,3,Classified+TwoChoices,3,457,3659540,5415648,3651716,1
12000,1024,102400,1.1,3,Classified+TwoChoices,4,453,7630448,10540965,7606479,1
12000,1024,102400,1.1,3,Classified+TwoChoices,5,410,15095983,18884051,15003733,1
12000,1024,102400,1.1,3,Classified+TwoChoices,6,243,15245885,20156816,15137045,1
12000,1024,102400,1.1,3,Classified+TwoChoices,0,9086,3036263,10193041,3036263,0.7439956
12000,1024,102400,1.1,3,Classified+TwoChoices,1,781,1182336,2275791,1182336,0.9835744
12000,1024,102400,1.1,3,Classified+TwoChoices,2,596,2042456,3429344,2041621,1
12000,1024,102400,1.1,3,Classified+TwoChoices,3,497,3946179,5811863,3940069,1
12000,1024,102400,1.1,3,Classified+TwoChoices,4,392,6992930,9245270,6971240,1
12000,1024,102400,1.1,3,Classified+TwoChoices,5,438,16354924,20728302,16275112,1
12000,1024,102400,1.1,3,Classified+TwoChoices,6,210,12833174,17212320,12759526,1
12000,1024,102400,1.1,3,Classified+TwoChoices,0,9030,2840323,10176117,2840323,0.7185332
12000,1024,102400,1.1,3,Classified+TwoChoices,1,845,1204853,2425559,1204853,0.92471
12000,1024,102400,1.1,3,Classified+TwoChoices,2,573,1849794,3289339,1849714,1
12000,1024,102400,1.1,3,Classified+TwoChoices,3,469,3650478,5531781,3648595,1
12000,1024,102400,1.1,3,Classified+TwoChoices,4,440,7595118,10305303,7576941,1
12000,1024,102400,1.1,3,Classified+TwoChoices,5,418,15281063,19774688,15245896,1
12000,1024,102400,1.1,3,Classified+TwoChoices,6,225,13686736,18620745,13648416,1
12000,1024,102400,1.1,3,Classified+TwoChoices,0,9013,3087474,10148371,3087474,0.84748274
12000,1024,102400,1.1,3,Classified+TwoChoices,1,838,1250918,2412346,1250918,0.9620331
12000,1024,102400,1.1,3,Classified+TwoChoices,2,595,2119344,3466885,2116737,1
12000,1024,102400,1.1,3,Classified+TwoChoices,3,444,3582019,5176869,3569013,1
12000,1024,102400,1.1,3,Classified+TwoChoices,4,471,8805228,11089665,8738394,1
12000,1024,102400,1.1,3,Classified+TwoChoices,5,376,14642963,17831414,14518749,1
12000,1024,102400,1.1,3,Classified+TwoChoices,6,263,16391248,21564559,16227845,1
12000,1024,102400,1.1,3,Classified+TwoChoices,0,9046,3343550,10161357,3343548,0.81635803
12000,1024,102400,1.1,3,Classified+TwoChoices,1,882,1398393,2532938,1398287,1
12000,1024,102400,1.1,3,Classified+TwoChoices,2,572,2142968,3339708,2139656,1
12000,1024,102400,1.1,3,Classified+TwoChoices,3,489,4030670,5763605,4016549,1
12000,1024,102400,1.1,3,Classified+TwoChoices,4,428,8129287,10293924,8060007,1
12000,1024,102400,1.1,3,Classified+TwoChoices,5,364,14017183,17125542,13884032,1
12000,1024,102400,1.1,3,Classified+TwoChoices,6,219,13376185,17881275,13276371,1
12000,1024,102400,1.1,3,Classified+TwoChoices,0,8992,2915400,10116177,2915400,0.81179625
12000,1024,102400,1.1,3,Classified+TwoChoices,1,794,1155738,2292018,1155738,0.9788797
12000,1024,102400,1.1,3,Classified+TwoChoices,2,598,2024882,3487364,2023747,1
12000,1024,102400,1.1,3,Classified+TwoChoices,3,476,3629078,5505147,3621880,1
12000,1024,102400,1.1,3,Classified+TwoChoices,4,467,8229724,11047028,8196534,1
12000,1024,102400,1.1,3,Classified+TwoChoices,5,412,15551608,19413435,15447213,1
12000,1024,102400,1.1,3,Classified+TwoChoices,6,261,16018560,21513224,15913829,1
12000,1024,102400,1.1,3,Classified+TwoChoices,0,9013,2693984,10130574,2693983,0.69491524
12000,1024,102400,1.1,3,Classified+TwoChoices,1,790,1049634,2223745,1049634,0.9216275
12000,1024,102400,1.1,3,Classified+TwoChoices,2,565,1868071,3290637,1867987,1
12000,1024,102400,1.1,3,Classified+TwoChoices,3,509,3733840,5933697,3731836,1
12000,1024,102400,1.1,3,Classified+TwoChoices,4,434,7447604,10274728,7438478,1
12000,1024,102400,1.1,3,Classified+TwoChoices,5,445,16036721,21025832,16004289,1
12000,1024,102400,1.1,3,Classified+TwoChoices,6,244,14376037,20340762,14324163,1
12000,1024,102400,1.1,3,Classified+TwoChoices,0,9054,2874965,10205214,2874965,0.76479673
12000,1024,102400,1.1,3,Classified+TwoChoices,1,806,1160717,2324417,1160717,0.96928126
12000,1024,102400,1.1,3,Classified+TwoChoices,2,566,1897225,3277509,1897086,1
12000,1024,102400,1.1,3,Classified+TwoChoices,3,504,4014122,5955877,4011594,1
12000,1024,102400,1.1,3,Classified+TwoChoices,4,421,7303862,9861306,7286324,1
12000,1024,102400,1.1,3,Classified+TwoChoices,5,387,14385930,18168501,14336747,1
12000,1024,102400,1.1,3,Classified+TwoChoices,6,262,16278363,21689559,16198165,1
12000,1024,102400,1.1,3,Classified+TwoChoices,0,9017,2973297,10128978,2973297,0.79027194
12000,1024,102400,1.1,3,Classified+TwoChoices,1,864,1275643,2481671,1275643,0.9953596
12000,1024,102400,1.1,3,Classified+TwoChoices,2,579,1960659,3357929,1960371,1
12000,1024,102400,1.1,3,Classified+TwoChoices,3,436,3537813,5122000,3530703,1
12000,1024,102400,1.1,3,Classified+TwoChoices,4,434,7754826,10200780,7721226,1
12000,1024,102400,1.1,3,Classified+TwoChoices,5,423,16120811,20093414,16024853,1
12000,1024,102400,1.1,3,Classified+TwoChoices,6,247,15309681,20014557,15209324,1
12000,1024,102400,1.1,3,Classified+TwoChoices,0,9043,2959705,10167274,2959705,0.7550354
12000,1024,102400,1.1,3,Classified+TwoChoices,1,834,1183747,2381097,1183743,1
12000,1024,102400,1.1,3,Classified+TwoChoices,2,531,1838121,3081858,1837758,1
12000,1024,102400,1.1,3,Classified+TwoChoices,3,500,3931895,5836707,3924983,1
12000,1024,102400,1.1,3,Classified+TwoChoices,4,460,8206299,10862735,8169066,1
12000,1024,102400,1.1,3,Classified+TwoChoices,5,400,14760547,18623432,14671006,1
12000,1024,102400,1.1,3,Classified+TwoChoices,6,232,14809291,19305093,14714905,1
12000,1024,102400,1.1,3,Classified+TwoChoices,0,9010,2960530,10161821,2960530,0.72989464
12000,1024,102400,1.1,3,Classified+TwoChoices,1,876,1286119,2520299,1286119,0.93657815
12000,1024,102400,1.1,3,Classified+TwoChoices,2,604,2203410,3561394,2203298,1
12000,1024,102400,1.1,3,Classified+TwoChoices,3,497,4039152,5884750,4036632,1
12000,1024,102400,1.1,3,Classified+TwoChoices,4,426,7479298,10122343,7459291,1
12000,1024,102400,1.1,3,Classified+TwoChoices,5,367,13322391,17245926,13281829,1
12000,1024,102400,1.1,3,Classified+TwoChoices,6,220,13145646,18171243,13096005,1
